"","country","population","surface_area","population_density","gross_national_income_atlas_method","gross_national_income_per_capita_atlas_method","purchasing_power_parity_gross_national_income","PPP Income per cap","gross_domestic_product"," GDP growth per cap "," Share of Income (<20%)"," Child malnutrition (%)","maternal_mortality_ratio","under_five_mortality_rate"," HIV (per 1000)"," Tuberculosis (per 100k)"," Road Mortality (per 100k)","primary_completion_rate"," Male employment (%)"," Female employment (%)","labor_productivity"," Pop. Access Water (%)"," Pop. Access Sanitary (%)","access_to_electricity","renewable_energy_consumption","expenditures_for_r_d"," Slums Pop.(%)","ambient_pm2_5_air_pollution"," Savings (% of GNI)"," CO2 per cap."," Marine areas (%)","intentional_homicides","internet_use","region_code","region_name","sub_region_code","sub_region_name","iso_alpha3_code"," Developped"
"1","Afghanistan",38,652.9,57,20.7,540,88.6,2330,2.9,0.5,4.94953452464031,38.2,638,60,0.08,189,15,86,12.1,67.8,-1.9,36.2764022725951,-23.6615687621638,97.7,18.4,-0.400176605466123,62.7,56.3,10.1,0.3,0.1,9.8,11.4,142,"Asia",34,"Southern Asia","AFG","Developing"
"2","Albania",2.9,28.8,105,14.9,5240,40.9,14350,2.2,2.7,7.5,11.3,15,10,0.05,18,14,102,20.8,37.8,1.1,70,39.9,100,38.6,0.808304982251727,-6.20894107735243,18.2,-0.7,1.9,13.5,2.2,71.8,150,"Europe",39,"Southern Europe","ALB","Developed"
"3","Algeria",43.1,2381.7,18,170.7,3970,496.3,11530,0.8,-1.1,9.4,11.7,112,23,0.09,69,24,105,1.8,2.4,1,73.0430551841596,17.7,100,0.1,0.5,40.5137439337711,39.9,21.2,3.7,7.1,1.4,47.7,2,"Africa",15,"Northern Africa","DZA","Developing"
"4","American Samoa",0.1,0.2,277,-1729.54496357193,-27433.0527278025,-1124.05467030332,-20412.4803916181,2.2,2.5,7.25765720296147,10.4046778362924,550.075285976448,57.3765263009436,-0.895743965785435,0,20.7374549838171,70.1023104526722,19.9354797871283,28.6599836563642,3.73429767986814,12.6,-51.4967385550949,71.4537300325667,0.9,-1.21908964586649,78.6585845184796,12.4,17.8117493194106,2.16154595128408,8.7,7.2,31.6894049808951,9,"Oceania",61,"Polynesia","ASM","Developing"
"5","Andorra",0.1,0.5,164,-4093.32737137331,40348.4054242472,-4603.28742026844,44997.8272100049,1.8,1.7,10.9077606149509,3.74839354832715,-47.8125939836956,3,1.0599489286216,3,8,98.6775790390024,3.34191654100813,8.49782965565952,1.24032133413747,90.6,100,100,19.7,1.78574557453271,21.9073030063985,10.3,1.18176080298007,5.8,26.7,0,91.6,150,"Europe",39,"Southern Europe","AND","Developed"
"6","Angola",31.8,1246.7,25,97,3050,203.2,6390,-0.9,-4,3.8,37.6,241,75,1.45,355,24,74.843755574045,7.8,10.3,-5.2,38.1850339981785,65.7249122039064,42,49.6,0,55.5,31.8,-27.4,1.7,5,4.8,14.3,2,"Africa",202,"Sub-Saharan Africa","AGO","Developing"
"7","Antigua and Barbuda",0.1,0.4,219,1.6,16660,2.1,21500,4.7,3.8,6.18884614058951,15.7640532101338,42,7,0.302911829569897,6,8,96,-1.83482627952903,3.80536824160869,1.25800602223392,93.4580365724408,49.3697801288694,100,0,2.19954451238149,13.5431419125274,18.5,33.5259286223243,5.7,0.3,11.1,73,19,"Americas",419,"Latin America and the Caribbean","ATG","Developing"
"8","Argentina",44.9,2780.4,16,503.1,11200,991.4,22060,-2.2,-3.1,5,7.9,39,9,0.24,27,14,100,0.4,0.8,-2.1,81.5430042858854,40.2154518009387,100,10,0.6,16.7,13.8,4.5,4.6,7.4,6.6,74.3,19,"Americas",419,"Latin America and the Caribbean","ARG","Developing"
"9","Armenia",3,29.7,104,13.8,4680,42.8,14460,7.6,7.4,8.1,9.4,26,12,0.1,31,17,90,1.3,3.3,4.7,86.5,48.2,100,15.8,0.3,14.4,32.2,0.6,1.9,23.1,2.6,64.7,142,"Asia",145,"Western Asia","ARM","Developing"
"10","Aruba",0.1,0.2,588,2.8,26810,3.8,36300,2,1.5,4.84288342753608,0.690883339592506,-320.785981807803,-16.2913738295253,0.331665214352611,5,11.6415974235122,92.3226524952906,-6.13197203635014,-25.1267285363042,-1.32189961780749,122.568433603401,157.134710172902,100,6.7,1.76979361509719,2.36995261847787,-14.4578260095682,3.86202717705326,8.4,0.1,1.9,97.2,19,"Americas",419,"Latin America and the Caribbean","ABW","Developing"
"11","Australia",25.4,7741.2,3,1392.8,54910,1307.7,51560,1.9,0.4,7.4,-12.1720006106488,6,4,0.06,7,6,88.1941103923533,0.2,0.2,0.7,96.5273758175023,75.6,100,9.2,1.9,0.322594937396076,8.6,6.1,15.4,29.7,1,86.5,9,"Oceania",53,"Australia and New Zealand","AUS","Developed"
"12","Austria",8.9,83.9,107,455.4,51300,524.3,59060,1.6,1.2,8,1.70753404131636,5,4,1.26352280667514,7,5,100,1.2,1.3,1,98.9,96.7,100,34.4,3,-10.3663959422042,12.6,13.4,6.9,28.4,0.5,87.9,150,"Europe",155,"Western Europe","AUT","Developed"
"13","Azerbaijan",10,86.6,120,44.9,4480,143.9,14360,2.2,1.4,5.46854135520759,17.8,26,20,0.09,63,9,100,25,43.3,-2,73.6,16.5970536224109,100,2.3,0.2,12.8068742101882,20.2,8.9,3.9,5.5,2.3,79,142,"Asia",145,"Western Asia","AZE","Developing"
"14","Bahamas, The",0.4,13.9,39,12.4,31780,13.9,35760,1.8,0.8,6.67121585536002,-0.469161738425768,70,13,-1.4446405313138,14,14,76,0.3,0.3,-1.7,53.0356686849578,30.5529782315692,100,1.2,0.59849828405312,33.6798095717852,17.7,3.4,6.3,8.6,39,85,NA,NA,NA,NA,NA,NA
"15","Bahrain",1.6,0.8,2017,36.3,22110,72.4,44140,1.8,-2.6,8.51691248573345,26.7776087391172,14,7,1.13122808016751,11,8,98,0.4,0.6,-3,99,96,100,0,0.1,32.0497641147927,69.9,20.4,23.5,1.7,0.5,95.9,142,"Asia",145,"Western Asia","BHR","Developing"
"16","Bangladesh",163,147.6,1240,316.2,1940,845.4,5190,8.2,7,8.6,30.8,173,31,-0.128804487657616,221,15,112.857151761597,4,29.1,4,55.4,52.8783745151738,88,34.7,0.185617084060035,55.1,60.1,24.5,0.5,4.9,2.6,12.9,142,"Asia",34,"Southern Asia","BGD","Developing"
"17","Barbados",0.3,0.4,667,5,17380,4.5,15730,-0.1,-0.2,7.11479454795393,7.7,27,13,0.34,0,6,89,0.1,0.1,-0.6,70.7215751358948,45.8291910648235,100,2.8,1.31870570449913,27.3023135320839,23.5,-0.6,4.4,0,10.9,81.8,19,"Americas",419,"Latin America and the Caribbean","BRB","Developing"
"18","Belarus",9.5,207.6,47,59.5,6280,183.1,19340,1.2,1.4,10.1,13.8294816253457,2,3,0.39,31,9,105,0,0,0.7,94.5,80.5,100,6.8,0.5,45.2,18.9,14.5,6.6,9.4,3.5,74.4,150,"Europe",151,"Eastern Europe","BLR","Developed"
"19","Belgium",11.5,30.5,377,543.7,47350,628.5,54730,1.4,0.9,8.7,2.91821157349217,5,3,0.21986587359687,9,6,93.1587397507687,0.5,1.3,0.1,99.5,97.1,100,9.2,2.5,1.32071845946511,12.8,12.1,8.3,24.6,2,87.7,150,"Europe",155,"Western Europe","BEL","Developed"
"20","Belize",0.4,23,17,1.7,4450,2.6,6630,0.3,-1.6,4.05527508589733,15,36,12,0.887566025221997,30,28,104,2.8,4,-2.4,80.493871679858,44.560565271339,98.3,35,0.489869884798642,10.8,23.1,-2.1,1.4,20.6,33,47.1,19,"Americas",419,"Latin America and the Caribbean","BLZ","Developing"
"21","Benin",11.8,114.8,102,14.8,1250,40,3390,6.9,4,3.2,32.2,397,90,0.52,56,28,64,11.7,19.6,1.9,33.1361087309212,95.9676623823324,34.5,50.9,1.90324915488054,61.5,38.4,0.9,0.5,23.5,1.1,14.1,2,"Africa",202,"Sub-Saharan Africa","BEN","Developing"
"22","Bermuda",0.1,4.3,1184,-2970.84503809547,34209.9971396363,-4062.93724337434,52423.2306429143,1.27955143636261,1.3063678285564,9.49278228533471,-5.25995471383936,88.5605715232517,13.1149537190144,-1.03133605078946,4,20.1586358047974,92,-0.400032891054774,-11.302824616667,4.62609816975725,79.6866892781596,69.7578527717246,100,2.4,0.2,17.756184682525,11.7,3.96977336960946,10,0,6.5,98.4,19,"Americas",21,"Northern America","BMU","Developed"
"23","Bhutan",0.8,38.4,20,2.2,2970,8,10570,3,1.8,6.7,28.0346412020093,183,29,1.01393710471163,149,17,100,22.9,48.1,2.9,36.2,14.9865048285331,97.7,86.9,0.699139292482827,17.7239491036696,37.2,23.6,1.4,48,1.6,41.8,142,"Asia",34,"Southern Asia","BTN","Developing"
"24","Bolivia",11.5,1098.6,10,40.6,3530,102.6,8910,2.2,0.8,4.6,16.1,155,26,0.14,108,16,95,9.2,30.7,-0.2,53.2796500208237,22.9,91.8,17.5,-0.13181807122214,43.5,21.4,0.8,1.9,30.9,6.2,43.8,NA,NA,NA,NA,NA,NA
"25","Bosnia and Herzegovina",3.3,51.2,65,20.3,6150,52,15770,2.6,3.3,7.5,8.9,10,6,-2.22585733136447,25,16,93.3731166536747,1.9,6.7,0,88.8,21.6,100,40.8,0.2,7.6,27.6,29.885256288012,5.6,1.4,1.7,64.9,150,"Europe",39,"Southern Europe","BIH","Developed"
"26","Botswana",2.3,581.7,4,17.6,7660,39.4,17110,3,0.8,3.9,12.23016747666,144,42,8.23,275,24,56.9524492814838,3.5,4.7,1.3,96.6282825977966,7.47431971856405,62.6,28.9,0.5,75.1406284620236,23.6,23.4,3.3,29.1,35.6075668890658,41.4,2,"Africa",202,"Sub-Saharan Africa","BWA","Developing"
"27","Brazil",211,8515.8,25,1926.3,9130,3135,14850,1.1,0.4,3.1,19.329551820953,60,14,-0.380307437175921,45,20,105.819383677221,1.5,3.4,-0.1,52.0573311658085,49.3,100,43.8,1.3,22.3,12.7,5.4,2.6,28.6,28.6,67.5,19,"Americas",419,"Latin America and the Caribbean","BRA","Developing"
"28","Brunei Darussalam",0.4,5.8,81,14,32230,28.8,66410,3.9,2.8,6.38897392202683,13.200335996859,31,11,-1.27029983419641,68,8,108,0.4,0.3,-1.1,112.849866832387,106.772108059244,100,0,0.3,17.4704302245073,5.9,35.6,22.1,9,0.5,94.9,142,"Asia",35,"South-eastern Asia","BRN","Developing"
"29","Bulgaria",7,111,65,65.6,9410,166.6,23880,3.4,4.1,5.7,7,10,7,0.08,22,10,87,0.5,1,2.1,96.9,64.4,100,17.7,1,9.74795318314683,19.3,12.2,5.9,28.3,1.8,63.4,150,"Europe",151,"Eastern Europe","BGR","Developed"
"30","Burkina Faso",20.3,274.2,72,16.1,790,45.1,2220,5.7,2.7,8.3,24.9,320,88,0.19,48,31,65,30.7,52.5,2.8,1.98994774517504,74.1910902400172,17.5,74.2,0.7,65.8,41.5,-6.7,0.2,14.9,0.6,15.9,2,"Africa",202,"Sub-Saharan Africa","BFA","Developing"
"31","Burundi",11.5,27.8,435,3.2,280,9,780,1.8,-1.3,6.9,54.2,548,57,0.2,111,35,63,23.9,35.4,-3,17.1405591642391,49.563524003968,9.3,95.7,0.2,57.9,38.7,-19.7,0,7.6,4.5,2.7,2,"Africa",202,"Sub-Saharan Africa","BDI","Developing"
"32","Cabo Verde",0.5,4,135,2,3630,4,7310,5.7,4.5,5.7,25.6242988191012,58,15,0.29,46,25,87,5.8,16.4,2.4,72.7096383972145,66.1570249012457,91.4,26.6,2.28907870645557,11.6549141713509,33.4,15.1,0.9,0,8.8,57.2,2,"Africa",202,"Sub-Saharan Africa","CPV","Developing"
"33","Cambodia",16.5,181,92,24.4,1480,68.9,4180,7.1,5.5,7.02095965724037,32.4,160,27,0.08,302,18,88,4.4,5.1,4.5,25.8,41.685212696159,89.1,64.9,0.1,55.1,25.2,9,0.4,20.6,22.6026099001497,32.9,142,"Asia",35,"South-eastern Asia","KHM","Developing"
"34","Cameroon",25.9,475.4,53,38.9,1500,96.5,3730,4,1.4,4.5,28.9,529,75,1.1,186,30,64,8.4,20.3,1,39.2358658715269,44.8097670970171,61.3,76.5,0.990685978946658,37.8,73.2,1.4,0.3,10.4,1.2,23.2,2,"Africa",202,"Sub-Saharan Africa","CMR","Developing"
"35","Canada",37.6,9984.7,4,1742.8,46370,1910,50810,1.7,0.2,7.1,-1.12733091524438,10,5,-0.243466079233094,6,6,89.0787509793505,0.1,0.2,0.5,98.9,82.3,100,22,1.7,0,6.5,6.7,15.3,6.5,1.7,92.7,19,"Americas",21,"Northern America","CAN","Developed"
"36","Cayman Islands",0.1,0.3,267,3,47140,2.6,41640,3.3,2,7.72473294413382,8.480161831554,-371.240694052745,-26.6586636679133,2.48713229214108,5,0.228421055172731,90,7.22448402556989,8.34515616801978,2.83373296701748,104.462507234541,89.0986463237449,100,0,3.04749988033998,5.49021105810341,-15.8771840657716,32.4650502482331,9,0.1,8.2,81.1,19,"Americas",419,"Latin America and the Caribbean","CYM","Developing"
"37","Central African Republic",4.7,623,7,2.4,520,5,1060,3,1.3,3.3,40.8,829,110,2,540,34,41,28.2,47.6,2.7,-47.9047994112642,-68.7792637213695,29.8,76.6,-0.677255851847722,93.3,57,-4.65479570600478,0.1,18.1,20.1,4.3,2,"Africa",202,"Sub-Saharan Africa","CAF","Developing"
"38","Chad",15.9,1284,12,11.2,700,25.8,1620,3.2,0.2,4.9,39.8,1140,114,0.5,142,28,41,13.4,44.3,-5.8,8.31176765653488,4.25032280267147,10.9,89.4,0.3,88.2,64.8,-4.18139170831391,0.1,20.4,4.23945406970615,6.5,2,"Africa",202,"Sub-Saharan Africa","TCD","Developing"
"39","Channel Islands",0.2,0.2,861,982.579895145689,54968.5977199218,874.506030731249,65638.9855908115,3.84141664851016,2.32964311166297,7.00451485862272,12.6139390430101,78.7311934650512,17.8683540323047,3.69656284643431,209.473229081972,7.61862714047193,88.0067545772122,0.5,1.5,1.85772081927099,92,90,93.9487474492176,14.934837496547,2.10837451344669,30.1733397201638,31.1079315702617,14.6381827363767,21.7557724012567,42.0202774458662,6.40358306721152,96.8886501705814,NA,NA,NA,NA,NA,NA
"40","Chile",19,756.7,25,284.5,15010,457.6,24140,1.1,-0.1,5.8,1.8,13,7,0.46,18,13,96,0.7,1.7,0.6,98.6,77.5,100,24.9,0.4,9,20.9,2.1,4.5,27,3.4,82.3,19,"Americas",419,"Latin America and the Caribbean","CHL","Developing"
"41","China",1397.7,9562.9,148,14554.3,10410,23403.2,16740,6.1,5.7,6.5,8.1,29,8,3.357492765207,61,18,109.028484415095,7.8,21.1,6.6,54.810728108544,72.1,100,12.4,2.1,25.2,52.2,18.7,7.5,14.6,0.7,54.3,142,"Asia",30,"Eastern Asia","CHN","Developing"
"42","China",1397.7,9562.9,148,14554.3,10410,23403.2,16740,6.1,5.7,6.5,8.1,29,8,5.67349515894771,61,18,117.935934031836,7.8,21.1,6.6,84.725087453507,72.1,100,12.4,2.1,25.2,52.2,18.7,7.5,14.6,0.7,54.3,142,"Asia",30,"Eastern Asia","HK",""
"43","China",1397.7,9562.9,148,14554.3,10410,23403.2,16740,6.1,5.7,6.5,8.1,29,8,2.51343388530439,61,18,113.215815651758,7.8,21.1,6.6,42.7760592843748,72.1,100,12.4,2.1,25.2,52.2,18.7,7.5,14.6,0.7,54.3,142,"Asia",30,"Eastern Asia","MO",""
"44","Colombia",50.3,1141.7,45,327.7,6510,762.4,15150,3.3,1.9,4,12.7,83,14,0.4,33,19,107,2,5.7,0.7,73.2,17,98.5,23.6,0.3,13.1,16.6,0.1,1.8,15.7,26.9,62.3,19,"Americas",419,"Latin America and the Caribbean","COL","Developing"
"45","Comoros",0.9,1.9,447,1.2,1420,2.7,3220,2.7,0.5,4.5,31.1,273,63,0.01,35,27,77,9.5,17.6,0.5,39.7216659543735,38.4236197681909,79.4,45.3,-0.368782573811251,69.6,20.5,2.2,0.2,0.1,45.5700516989399,8.5,2,"Africa",202,"Sub-Saharan Africa","COM","Developing"
"46","Congo, Dem. Rep.",86.8,2344.9,37,45.3,520,96.2,1110,4.4,1.1,5.5,42.7,473,85,0.31,321,34,70,7.3,31.1,0.5,24.7837791034334,107.592199617113,18.2,95.8,0.4,74.8,45.5,0.1,0.1,13.8,4.4710982094758,8.6,NA,NA,NA,NA,NA,NA
"47","Congo, Rep.",5.4,342,15,9.4,1750,16.5,3060,-0.9,-3.4,4.2,21.2,378,48,2.5,375,27,75.35889110282,5.2,5.7,-3.8,45.4,22.1358059957794,64.7,62.4,-1.3722218914713,46.9,45.7,-39.9,0.7,36.8,7.49170881197857,8.7,NA,NA,NA,NA,NA,NA
"48","Costa Rica",5,51.1,98,59.1,11700,97.2,19250,2.1,1.1,4.3,7.09207259787378,27,9,0.33,10,17,99,1.1,2.8,2.3,93.8,38.805441009887,99.6,38.7,0.4,5.5,15.7,16.6,1.6,3,11.5,71.6,19,"Americas",419,"Latin America and the Caribbean","CRI","Developing"
"49","Cote d'Ivoire",25.7,322.5,79,58.9,2290,136,5290,6.9,4.2,5.7,21.6,617,79,0.8,142,24,75,10.6,15.3,4.4,36.5,-0.271357798115503,65.6,64.5,0.1,56,26.7,21.3,0.5,14.9,19.8804717442136,43.8,NA,NA,NA,NA,NA,NA
"50","Croatia",4.1,56.6,73,60.6,14910,120.1,29520,2.9,3.5,7.4,14.0308283783034,8,5,0.04,8,8,95,0.9,1.7,1.8,90,58.5,100,33.1,0.8,28.6791562512191,17.8,14.2,4,23.6,0.9,67.1,150,"Europe",39,"Southern Europe","HRV","Developed"
"51","Cuba",11.3,109.9,109,-1562.19288991422,18324.7441687935,-2769.49584371912,31113.2567527686,2.2,2.3,7.31221733221477,5.01860824192032,36,5,0.26,7,9,84,2.2,1.9,-0.634085590373362,96.802520255959,44.3,99.9,19.3,0.4,6.6,19.7,-0.414452305597671,2.4,7.2,5.5,57.1,19,"Americas",419,"Latin America and the Caribbean","CUB","Developing"
"52","Curacao",0.2,0.4,361,3.1,19610,4.1,25860,-2.2,-1.9,6.95344454971498,14.340412406256,7.8344291115711,14.9678208257329,0.0191990968193081,6,7.03092443651442,99.2417876573437,-0.22983501069309,-4.59341292810069,-0.387367334362782,57.1427008793659,54.2502135229893,100,0.3,0.870008995664775,4.87052610507962,20.6047657857791,12.8517959890588,37.7,0.3,32.1612652418394,68.1,NA,NA,NA,NA,NA,NA
"53","Cyprus",1.2,9.3,129,24.4,27710,35.1,39830,3.2,1.9,8.4,8.13657087119336,6,2,-0.471638945349629,5,5,102,0.6,0.7,1.3,99.6,75.5,100,9.9,0.5,18.6397740384437,17,7.4,5.3,1.7,1.3,80.7,142,"Asia",145,"Western Asia","CYP","Developed"
"54","Czech Republic",10.7,78.9,138,234.7,22000,433.9,40660,2.6,2.2,10.2,11.4138734020114,3,3,0.689461379670634,5,6,99,0.2,0.9,1.5,97.9,94.5,100,14.8,1.9,4.59222810876224,16.1,10.2,9.2,22.2,0.8,78.7,NA,NA,NA,NA,NA,NA
"55","Denmark",5.8,42.9,138,367.9,63240,357.3,61410,2.4,1.9,9.1,-7.39817004671237,4,4,0.954517766900043,5,4,101,0.3,0.5,1.2,96.7,94.8,100,33.2,3.1,0,10.1,19.1,5.9,17.9,1.1,97.1,150,"Europe",154,"Northern Europe","DNK","Developed"
"56","Djibouti",1,23.2,41,3.4,3540,5.8,5980,7.5,5.9,5.4,33.5,248,58,0.16,260,25,66,5.1,13.2,4.5,18.4014914967118,36.4,60.2,15.4,1.87088107697663,65.6,45.9,17,0.7,1.2,28.9079507459802,55.7,2,"Africa",202,"Sub-Saharan Africa","DJI","Developing"
"57","Dominica",0.1,0.8,96,0.6,8090,0.9,12460,5.7,5.4,8.65726841039815,16.780315557094,213.743426164596,35,-1.94727718605085,6,11,114,-0.954300441254015,5.95342825590129,4.7297087473542,51.7654883057921,70.7632499105736,100,7.8,2.84124519148203,26.7409462376176,20,42.1702372568203,2.5,0.7,12.6,69.6,19,"Americas",419,"Latin America and the Caribbean","DMA","Developing"
"58","Dominican Republic",10.7,48.7,220,86.9,8090,196.3,18280,5.1,4,5.8,7.1,95,28,0.45,45,35,93,1.2,2.7,3.5,96.1392712318234,96.1061579197331,100,16.5,1.89612795902887,12.1,13.7,18.2,2.2,19.2,15.5,67.6,19,"Americas",419,"Latin America and the Caribbean","DOM","Developing"
"59","East Asia & Pacific",2340.6,24827.7,95,27445.5,11726,43119.4,18422,3.8,3.2,2.51482220366803,11,69,14,4.40469658502131,133,17,98,7.3,20.2,4.5,60.9546488277391,63.5,97.9,13.9,2.4,25.8,39.5,15.5,6.2,17.9,1.4,54.9,NA,NA,NA,NA,NA,NA
"60","Ecuador",17.4,256.4,69,105.6,6080,199.9,11500,0.1,-1.6,4.6,23.9,59,14,0.24,44,21,104,6.8,21.1,-2.2,75.1,42,99.2,13.8,0.4,36,15,7.4,2.9,15,6.5,54.1,19,"Americas",419,"Latin America and the Caribbean","ECU","Developing"
"61","Egypt, Arab Rep.",100.4,1001.5,99,270.2,2690,1185.1,11810,5.6,3.5,9,22.3,37,20,0.09,12,10,101,4,25.3,3.2,95.0729957225479,60.7,100,5.7,0.7,10.6,88.1,1.3,2.5,11.6,2.6,45,NA,NA,NA,NA,NA,NA
"62","El Salvador",6.5,21,310,25.8,4000,56.1,8700,2.4,1.9,6.2,13.6,46,13,0.23,70,22,87,5,7.2,1.3,21.0316055272534,-8.31250994034633,96.8,24.4,0.1,28.9,24.7,4.8,1,2.2,105.2,33.8,19,"Americas",419,"Latin America and the Caribbean","SLV","Developing"
"63","Equatorial Guinea",1.4,28.1,47,8.8,6460,19.8,14600,-5.6,-8.8,2.20514870097086,26.2,301,82,6.48,201,25,41,4.8,13.9,-11,88.8076497236863,12.321608699083,66.8,7.8,0.134383644509367,66.2,54.5,-23.5168455355727,6.5,1.8,33.3987019838143,26.2,2,"Africa",202,"Sub-Saharan Africa","GNQ","Developing"
"64","Eritrea",92.4162903564271,117.6,727.970113207601,5483.76858259103,-10932.5365788029,5705.05322149906,-10991.4994379227,5.53118938763922,3.5225724108308,3.26130408213358,32.5208105332145,480,41,0.15,89,25,60,27.3,50.5,2.37651848795954,20.6332142813045,-30.9859882515734,48.3,79.8,-1.53738732956544,67.9601552274903,48.7,17.6647857557569,0.2,3,8.40327719550111,1.3,2,"Africa",202,"Sub-Saharan Africa","ERI","Developing"
"65","Estonia",1.3,45.3,30,30.8,23220,50.4,38010,4.3,4,8.1,2.26023116041991,9,2,1.08280869785988,13,6,97,0.2,0.2,3,93.3,97.4,100,27.5,1.5,6.16682026054274,6.8,15.6,13.8,19.5,3.4,88.1,150,"Europe",154,"Northern Europe","EST","Developed"
"66","Eswatini",1.1,17.4,66,4.1,3590,9.1,7940,2,1,3.7,25.5,437,49,9.77,329,27,94,2.4,2.8,-0.7,159.811740283939,-7.5800325622163,73.5,66.1,0.3,32.7,17.1,7.7,0.8,4.2,10.1,30.3,2,"Africa",202,"Sub-Saharan Africa","SWZ","Developing"
"67","Ethiopia",112.1,1104.3,109,95.1,850,257.8,2300,8.3,5.5,7.3,36.8,401,51,0.23,151,27,54,23,56.7,5,11.4,122.196149810144,44.3,92.2,0.3,73.9,39.2,4.4,0.1,18.5,8.8,18.6,2,"Africa",202,"Sub-Saharan Africa","ETH","Developing"
"68","Europe & Central Asia",921.1,28691,33,23178.8,25163,33674.1,36557,1.5,1.2,-7.55983011659454,-6.12199449624454,13,8,-0.634594114978144,28,9,98,1.7,3.6,1.3,91.8,67.4,100,13.1,1.9,19.126258584947,18,10.5,7,9.4,3.3,74.6,NA,NA,NA,NA,NA,NA
"69","Faroe Islands",0,1.4,35,-1589.05535814794,25896.7612430321,-2257.2746449733,41199.1734817841,-1.66349282037085,-2.07974082104695,10.0333581189714,-1.21618924315977,-195.954743410746,4.18258439926143,-1.54708764317082,-74.0567212501718,5.53160248097674,96.1689866581019,-5.73657089819572,-5.96677103871854,0.394635123291082,85.2688871550151,95.8435148954043,100,7.5,0.478465201571496,22.5813651017131,10.1705963854927,13.8609461025314,12.5,0,7.5463693059644,97.6,150,"Europe",154,"Northern Europe","FRO","Developed"
"70","Fiji",0.9,18.3,48,5.2,5860,11.8,13260,1.1,0.3,7.5,11.5844413765541,34,26,0.26,54,10,107,15,29.3,3.6,61.6934204310142,31.2241339242154,96,31.3,1.0239256524379,10.8,11.1,33.9328846793009,1.9,1,2.3,50,9,"Oceania",54,"Melanesia","FJI","Developing"
"71","Finland",5.5,338.5,18,273.7,49580,282.7,51210,1,0.9,9.4,-0.690029407211934,3,2,1.91472826020153,5,5,100,0.5,0.4,1.1,99.6,99.2,100,43.2,2.9,-6.26118047147541,5.9,10.2,8.6,14.2,1.5,87.5,150,"Europe",154,"Northern Europe","FIN","Developed"
"72","France",67.1,549.1,122,2843,42400,3379.2,50390,1.5,1.4,8.1,6.13045648227165,8,5,0.19,9,6,109.805919270218,0.1,0.5,1,97.9,88.4,100,13.5,2.3,10.8817875503778,11.9,9.2,4.6,33.2,1.6,80.5,150,"Europe",155,"Western Europe","FRA","Developed"
"73","French Polynesia",0.3,4,76,-1971.48151057032,9825.0754229075,-1734.44745105364,18260.0655062361,5.24591692175239,2.91134503208289,9.0470924725855,12.8493419473344,-263.339655075325,-14.4816214058372,0.651639504189424,22,19.6085829182244,110.276231883378,0.5,0.5,2.33492562233114,115.244754537817,97.672960496061,100,9.8,1.00440933029617,12.3826970547023,31.8961443122886,14.9083033011025,2.7,0,-6.02993984389822,72.7,9,"Oceania",61,"Polynesia","PYF","Developing"
"74","Gabon",2.2,267.7,8,15.7,7210,31.3,14420,3.4,0.9,6,17,252,43,1.07,525,23,91.4336815185003,0.7,1.7,-2.3,51.891769113479,52.9913791888829,91.9,82,-0.269457442120423,37,43.7,20.4,2.8,25.1,2.30254172360352,50.3,2,"Africa",202,"Sub-Saharan Africa","GAB","Developing"
"75","Gambia, The",2.3,11.3,225,1.7,740,5.3,2260,6,2.9,7.4,13.6,597,52,1.77,174,30,79,10.9,13.1,1,55.0644717240088,33.4893324688037,56.2,51.5,0.1,34.8,32.6,-8.1,0.3,1.4,-2.86030602353345,19.8,NA,NA,NA,NA,NA,NA
"76","Georgia",3.7,69.7,65,17.6,4740,55.9,15020,5.1,5.3,6.5,12.8188800865356,25,10,2.17334816051713,80,15,96,12.7,28.1,3.9,80,27.2,100,28.7,0.3,34.1,21.8,7.7,2.4,6.4,1,59.7,142,"Asia",145,"Western Asia","GEO","Developing"
"77","Germany",83.1,357.6,237,4033.5,48520,4795.7,57690,0.6,0.3,7.6,1.7,7,4,1.12827765162306,7,4,101,0.2,0.5,0.9,99.8,97.2,100,14.2,2.9,0,11.9,14.3,8.9,38.8,0.8,84.4,150,"Europe",155,"Western Europe","DEU","Developed"
"78","Ghana",30.4,238.5,131,67.5,2220,167.7,5510,6.5,4.2,4.7,17.5,308,46,1.1,148,25,94,5.5,13.5,2.4,36.4,68.3303522786447,79,41.4,1.24077481675872,37.9,36.3,-6.7,0.6,7.8,1.9,37.9,2,"Africa",202,"Sub-Saharan Africa","GHA","Developing"
"79","Greece",10.7,132,83,217.8,20320,336,31350,1.9,2,6.6,9.00847452361226,3,4,-0.615326872329017,5,9,98,2.3,5.6,-1.2,100,90.4,100,17.2,1,3,16.3,-3.1,6.2,11,0.9,69.9,150,"Europe",39,"Southern Europe","GRC","Developed"
"80","Greenland",0.1,410.5,0,-635.394356925769,-370.534468220625,286.707806064082,15916.492294446,3.2,3.5,6.35941894206862,4.62569849858945,-49.3831500359785,0.92971126006352,0.971076701522732,100,13.834934314536,94.6619904352197,-5.14887178185231,-9.90690244671447,1.38473499760918,96.7,94.8,100,15.5,0.28019044957304,30.1996666063025,11.6,3.83368376533926,9,22.4,7.1,69.5,19,"Americas",21,"Northern America","GRL","Developed"
"81","Grenada",0.1,0.3,328,1.1,9980,1.8,16250,3.1,2.6,6.71160982128856,3.86924777799269,25,17,0.00271725232628528,2,9,123,-7.13295761502777,-5.9511385485662,2.58997161733335,87.1,93.0406528050402,94.5,10.9,1.65654021125666,6,22.9,4.2542172534542,2.2,0.2,5.5,59.1,19,"Americas",419,"Latin America and the Caribbean","GRD","Developing"
"82","Guam",0.2,0.5,307,-1204.10869536308,22885.8451685408,-1195.88497480718,26986.2964337707,-0.3,-1.2,8.13068238902995,3.17738961866595,60.2156771070524,1.95677175405194,2.24558308055784,49,13.7722879119253,102.497290421635,0.3,1.1,-1.5638013253505,99.5,40.420240806091,100,0,1.67074221023114,0.175074613803403,11.7,10.2263569323676,6.33249092281704,0.1,19.6843565833084,80.5,9,"Oceania",57,"Micronesia","GUM","Developing"
"83","Guatemala",16.6,108.9,153,76.5,4610,146.9,8850,3.8,2.2,4.5,46.7,95,25,0.12,26,17,80,8.4,11.9,-0.1,56,-24.3885004159167,93.3,63.7,0,38.7,23.8,1.9,0.9,10.1,29.4,40.7,19,"Americas",419,"Latin America and the Caribbean","GTM","Developing"
"84","Guinea",12.8,245.9,51,12.1,950,32.2,2520,5.6,2.6,7.6,30.3,576,99,0.68,176,28,60,22.6,35.7,5.6,17.7843704483921,64.066373412154,35.4,76.3,0.797005961077874,43.3,24.8,-12.1,0.2,24.8,-2.41589838729314,11.4,2,"Africa",202,"Sub-Saharan Africa","GIN","Developing"
"85","Guinea-Bissau",1.9,36.1,67,1.6,820,4.3,2220,4.6,2.1,4.5,27.6,667,79,1.85,361,31,61.5943500070126,16.6,31.6,2.4,9.33702625015631,17.8524630317638,26,86.9,-1.13985997294113,82.3,29.6,-7.6,0.2,11.6,2.8,3.9,2,"Africa",202,"Sub-Saharan Africa","GNB","Developing"
"86","Guyana",0.8,215,4,4.1,5180,7.7,9900,4.7,4.2,6.42171990491346,11.3,169,29,0.71,83,25,98.1602247304703,1.7,7.8,2.1,81.7764389037908,50.6217513468384,90.9,25.3,0.50975142491524,33.1,22.4,4.8,2.6,5.3,19.4,37.3,19,"Americas",419,"Latin America and the Caribbean","GUY","Developing"
"87","Haiti",11.3,27.8,404,8.9,790,20.2,1790,-0.9,-2.2,5.5,21.9,480,63,0.79,176,15,88.1929537981638,16,28.2,-0.9,2.48729071328491,-18.0202646485514,43.8,76.1,-0.783650968725447,74.4,15.1,16.6,0.3,0.4,10,12.3,19,"Americas",419,"Latin America and the Caribbean","HTI","Developing"
"88","High income",1235.9,37468.3,35,55993.1,45307,64662,52322,1.7,1.2,-15.0677605899011,2.8,11,5,-3.38062037920241,11,8,98,0.5,1.7,0.7,98.7,86,100,11.3,2.5,48.3079956945133,14.5,9.1,10.8,19,2.2,85.4,NA,NA,NA,NA,NA,NA
"89","Honduras",9.7,112.5,86,23.3,2390,53.7,5510,2.7,1,3,22.6,65,17,0.19,37,17,79,8.1,12,0.1,49.8899943418988,11.1989064642056,86.5,51.5,0,27.5,21.1,22.4,1.1,10.9,56.5,32.1,19,"Americas",419,"Latin America and the Caribbean","HND","Developing"
"90","Hong Kong SAR, China",7.5,1.1,7096,381.7,50840,492.5,65600,-1.2,-1.9,9.36924895691102,22.2424196797509,716.725134811424,-1.76719137407369,5.17730555938456,67,14.4754200913579,104,0.1,0.5,2.5,100,91.8,100,0.9,0.8,47.8798333653303,-4.32546553998364,-33.214987517959,6.3,48.9,0.3,89.4,NA,NA,NA,NA,NA,NA
"91","Hungary",9.8,93,108,157.7,16140,320,32750,4.9,5,7.9,8.13618113860765,12,4,-1.01558536572998,6,8,99,0.2,0.3,1.9,89.6,95.7,100,15.6,1.4,13.6,15.9,12.3,4.2,22.6,2.3,76.8,150,"Europe",151,"Eastern Europe","HUN","Developed"
"92","Iceland",0.4,103,4,26.3,72850,22.1,61170,1.9,-0.5,9.5,-8.26376005012052,4,2,2.1585322154909,3,7,99,0.2,0.4,2.8,100,81.8,100,77,2.2,-2.05693944487302,6.6,14.3,6.1,2.5,0.9,98.3,150,"Europe",154,"Northern Europe","ISL","Developed"
"93","India",1366.4,3287.3,455,2910.8,2130,9507.2,6960,5,4,8.1,34.7,145,34,3.79485124716134,199,23,92,7.9,30.2,6,47.4750088225144,25.5530956565962,92.6,36,0.7,24,89.7,19.1,1.7,3.5,3.4,32,142,"Asia",34,"Southern Asia","IND","Developing"
"94","Indonesia",270.6,1913.6,148,1097.2,4050,3229.6,11930,5,3.9,6.9,30.5,177,24,-0.693842040126744,316,12,102,6.3,24.4,2.9,56.7050735130869,55.8523680518654,98.1,36.9,0.2,21.8,16.4,13.8,1.5,5.3,0.6,32.3,142,"Asia",35,"South-eastern Asia","IDN","Developing"
"95","Iran, Islamic Rep.",82.9,1745.2,50,437.6,5420,1174.8,14560,3.8,2.3,5.9,6.8,16,14,0.08,14,21,99,2.4,18.2,-0.349958475693435,91.8,85.7219228114683,100,0.9,0.4,23.9,38.8,-1.35723991046057,8.4,7.7,2.5,64,NA,NA,NA,NA,NA,NA
"96","Iraq",39.3,435.1,89,225.7,5740,443.3,11280,4.4,2.1,8.8,12.6,79,26,-0.327530311017698,42,21,88.2743843146118,4.3,4.8,2.3,58.8,41.1,99.9,0.8,0,47.2,64,-1.5,4.8,1.5,10.1,49.4,142,"Asia",145,"Western Asia","IRQ","Developing"
"97","Ireland",4.9,70.3,71,307.4,62210,336.3,68050,5.5,4,7.9,-6.72646554095271,5,3,-1.63725382618015,7,4,97,0.5,0.6,3.5,97.3,82.4,100,9.1,1.2,7.3931622704773,8.3,16.2,7.3,4,0.7,84.1,150,"Europe",154,"Northern Europe","IRL","Developed"
"98","Isle of Man",0.1,0.6,148,6.3,75340,-24.1462471039163,71612.1936407271,3.6,3.2,8.06361329799482,1.68888592480448,-69.2117922987773,-0.287543911634089,1.91514091964714,33.7911682882997,-6.43610473162784,79.1656234181555,-0.0407724324029646,0.939393344431222,3.41119553310657,97.2,91.5122612824983,100,4.2,4.58328020003088,-21.333727571695,9.25702266239394,21.4275911094962,15.8184225932244,4.2,1.2,106.028087652223,150,"Europe",154,"Northern Europe","IMN","Developed"
"99","Israel",9.1,22.1,410,391.9,43290,381.5,42140,3.5,1.6,5.1,21.1706314067954,3,4,2.05738320251603,4,4,102,0,0.1,1.3,99.4,93.7,100,3.7,4.3,-20.1527885088886,20.8,15.6,7.7,8.6,1.4,81.6,142,"Asia",145,"Western Asia","ISR","Developed"
"100","Italy",60.3,301.3,205,2077.7,34460,2687.8,44580,0.3,0.5,6,-0.590231425910531,2,3,0.09,7,6,98,0.9,1.6,0.1,95,96.2,100,16.5,1.3,12.4413623905401,16.5,6.1,5.3,13.4,0.8,63.1,150,"Europe",39,"Southern Europe","ITA","Developed"
"101","Jamaica",2.9,11,271,15.5,5250,28.8,9770,0.7,0.2,3.74607806648935,6,80,14,0.91,3,14,86,0.6,1.4,-1.9,51.5020989604615,-6.42746485874034,98,16.8,-0.271746237928422,60.5,13.4,17.4,2.5,1.4,41.8,55.1,19,"Americas",419,"Latin America and the Caribbean","JAM","Developing"
"102","Japan",126.3,378,347,5263.5,41690,5654.4,44780,0.7,0.9,7.7,7.8526722108673,5,3,2.0098364333526,14,4,90.5946763053839,0.8,4.1,-0.3,98.5,98.8,100,6.3,3.3,7.98068210638761,11.6,7.6,9.5,10,0.3,91.7,142,"Asia",30,"Eastern Asia","JPN","Developed"
"103","Jordan",10.1,89.3,112,43.5,4300,103.5,10240,2,0.5,8.2,7.8,46,16,-1.64383778406352,5,24,73,0.5,0.3,-0.7,93.8,80.6,100,3.2,0.7,12.9,33.2,1.6,3,1.8,1.6,66.8,142,"Asia",145,"Western Asia","JOR","Developing"
"104","Kazakhstan",18.5,2724.9,7,163.1,8810,445.2,24050,4.5,3.2,9.8,8,10,11,0.36,68,18,110,0.1,0.1,3.3,89.5,77.5251715164757,100,1.6,0.2,31.3454905445072,13.1,5.8,14.4,3.2,4.9,76.4,142,"Asia",143,"Central Asia","KAZ","Developing"
"105","Kenya",52.6,580.4,90,91.8,1750,232.3,4420,5.4,3,6.2,26.2,342,43,1.47,292,28,100,6,8.9,2.1,52.2520952860259,68.2314898466024,63.6,72.7,-0.536694805488102,56,28.6,-4.4,0.3,10.5,4.7,17.8,2,"Africa",202,"Sub-Saharan Africa","KEN","Developing"
"106","Kiribati",0.1,0.8,143,0.4,3350,0.5,4650,2.2,0.7,5.83622766202624,39.9361309714163,92,51,1.34364468491122,349,4,101,11.9183328323908,31.5784133388198,0.193701356379585,68.0769733388836,31.2964534434291,98.6,4.3,1.07302627705425,28.8884042801974,10.5,15.6942803388893,0.5,11.8,7.5,14.6,9,"Oceania",57,"Micronesia","KIR","Developing"
"107","Korea, Dem. Peopleâ€™s Rep.",25.7,120.5,212,2619.17344445525,9565.61380546543,3122.31465779651,14791.6323541449,8.51486430971916,6.5000609143669,4.04956105858637,19.1,89,17,4.31409392882242,513,21,64.732191293132,26.6,75.8,2.52510463556312,66.6,13.511335736805,46,23.1,-0.614624602024988,60.9333258413483,31.8,12.8223594140651,1.3,1.3,-21.864264262752,27.856440476424,NA,NA,NA,NA,NA,NA
"108","Korea, Rep.",51.7,100.3,529,1743.7,33720,2245.5,43430,2,1.8,7.3,13.8347699804073,11,3,3.09846770281095,66,10,95,0.9,8.5,2.1,98.2,99.9,100,2.7,4.2,-12.0120141426599,25.1,21,11.6,4,0.7,95.1,NA,NA,NA,NA,NA,NA
"109","Kosovo",1.8,10.9,165,8.3,4640,21.7,12090,4.2,4.3,9.2,5.85789984865614,39.8076443399743,2.89055718811897,-0.612262945029896,-33.3893940110206,15.6639924193531,114.871986395546,2.337058030853,7.55890098553661,2.02344299138294,63.9065822979662,63.3143106598818,99.8,20.5,1.30143697320953,26.6936438227384,30.4344303445381,8.98135300640436,4,12.3530236156835,2.3,83.9,NA,NA,NA,NA,NA,NA
"110","Kuwait",4.2,17.8,232,141.9,34290,247.1,59720,0.4,-1.3,7.23499711447685,6.4,12,8,-1.77861193516915,23,18,92,0,0,-3,100,100,100,0,0.1,11.4989596802484,60.8,16.8,23.9,11,1.8,98,142,"Asia",145,"Western Asia","KWT","Developing"
"111","Kyrgyz Republic",6.5,200,33,8,1240,32.7,5070,4.5,2.3,9.9,11.8,60,18,0.25,116,15,105,4.1,11.2,3.4,68.2,-7.41386805284914,100,23.3,0.1,9.7,23.2,7.4,1.8,6.7,5.1,38.2,NA,NA,NA,NA,NA,NA
"112","Lao PDR",7.2,236.8,31,18.4,2570,57.1,7960,4.7,3.1,7.6,33.1,185,46,0.19,162,17,98,20,36,4.5,16.1,58.1,93.6,59.3,0.937511580057159,31.4,25.8,-6,0.7,16.7,9.83813821802221,25.5,NA,NA,NA,NA,NA,NA
"113","Latin America & Caribbean",646.4,20425.5,32,5672.6,8775,10473.5,16202,0.8,-0.1,3.68043821124953,9,74,16,0.0734405441970596,43,18,98,3,7,0.1,74.3,31.3,97.9,27.6,0.8,21.1,16.7,6,3.1,21.7,22.3,62.5,NA,NA,NA,NA,NA,NA
"114","Latvia",1.9,64.5,31,33.9,17730,60.8,31770,2.2,3,6.7,-0.938889618809892,19,4,0.38,29,9,98,0.6,0.4,2.6,95.2,85.8,100,38.1,0.6,11.7842874670608,13.4,4,3.5,17.5,3.4,80.1,150,"Europe",154,"Northern Europe","LVA","Developed"
"115","Lebanon",6.9,10.5,669,52.1,7600,104.6,15260,-5.6,-5.7,7.9,5.63793251489852,29,7,0.05,11,18,98.4055234482723,3,4.3,-2.2,47.7,21.8,100,3.6,-0.651991222892873,53.1,30.2,-20.4,3.8,1,3.5,78.2,142,"Asia",145,"Western Asia","LBN","Developing"
"116","Lesotho",2.1,30.4,69,2.9,1360,7,3290,1.5,0.7,4.6,34.6,544,86,11.35,611,29,86,3.4,3.2,-0.4,134.007303865367,-70.736077890933,33.7,52.1,0,50.8,28.3,1.9,1.2,0.3,43.6,29.8,2,"Africa",202,"Sub-Saharan Africa","LSO","Developing"
"117","Liberia",4.9,111.4,50,2.9,580,6.5,1320,-2.3,-4.6,7.2,30.1,661,85,0.74,308,36,61,7,10.1,-2.6,25.5163493954919,82.5183853739827,24.2,83.8,-1.90084854111491,65.7,17.9,-82.8,0.3,1.2,3.3,8,2,"Africa",202,"Sub-Saharan Africa","LBR","Developing"
"118","Libya",6.8,1759.5,4,51.8,7640,109,16090,2.5,1,6.49368554503645,38.1,72,12,0.1,40,26,89.9305090116916,0.3,0.8,9.7,47.4192236206649,26.1,70.4,2,1.36151938969639,25.338971743058,52.1,15.8580087299545,9.4,0.3,42.1477292535582,21.8,2,"Africa",15,"Northern Africa","LBY","Developing"
"119","Liechtenstein",0,0.2,237,610.482474596059,37709.6397947212,1003.12122747678,36717.9539337354,1.76932873387593,-0.0729754506426306,5.64645133301833,7.31579050218538,-123.4486077649,6.44353250620914,1.44184123334408,123.565970037731,4.6871440484348,107,-0.462473712279496,-1.47911816808854,0.877480679570982,100,99.7,100,63.1,2.67122320467567,-19.5542066324939,12.1595074311231,23.0516713166649,1.3,11.9,0,99.5,150,"Europe",155,"Western Europe","LIE","Developed"
"120","Lithuania",2.8,65.3,45,52.9,18990,103.2,37010,3.9,4.5,6.3,-1.31056208168854,8,4,0.19,44,8,104,0.6,0.8,2.3,92,91.3,100,29,1,7.54640722806227,11.8,10.3,4.4,17.8,5.9,77.6,150,"Europe",154,"Northern Europe","LTU","Developed"
"121","Low income",668.5,12870.1,52,529.3,792,1641.6,2456,3.9,1.2,10.7991615346466,34.1,455,68,0.96,206,28,65,17.4,42.6,1.6,26.7,22.120725363574,40.7,76.2,-0.830870889513098,68.4,42.5,1.7,0.3,12.9,7.2,16.3,NA,NA,NA,NA,NA,NA
"122","Lower middle income",2913.4,22578.8,131,6378.6,2189,19790.1,6793,4.4,2.9,21.6418629603478,30.1,265,49,6.19982003015328,220,21,89,8.2,26,4.2,53.7,55.4219159610969,84.6,40.6,0.6,33.5,67.3,14.2,1.5,11.9,4.9,31.9,NA,NA,NA,NA,NA,NA
"123","Luxembourg",0.6,2.6,250,45.8,73910,48.1,77570,2.3,0.3,6.5,-12.6660271176394,5,3,0.251804786337303,8,6,80,0.8,0.9,0.4,99.7,96.6,100,9,1.3,16.6517790075172,10.3,13.2,17.4,40.9,0.9,97.4,150,"Europe",155,"Western Europe","LUX","Developed"
"124","Macao SAR, China",0.6,0,20778,49.7,78640,77.9,123290,-4.7,-6,7.28161235767227,82.0699352517078,2315.99402417029,12.9616071220622,14.9484420864166,60,-8.59568455254741,101,0.1,0.3,3.9,100,69.3279924773053,100,7.1,0.1,110.840756514831,-17.8628544631927,-76.2686444723478,2.7,111.096268245952,0.2,83.2,NA,NA,NA,NA,NA,NA
"125","Madagascar",27,587.3,45,14.1,520,44.7,1660,4.8,2.1,5.7,41.6,335,51,0.4,233,29,65,23.1,58.4,1,11.8465455530266,70.2637171072955,24.1,70.2,0,77.2,22.9,2,0.1,2.3,2.97533375239136,4.7,2,"Africa",202,"Sub-Saharan Africa","MDG","Developing"
"126","Malawi",18.6,118.5,192,7.2,380,20.1,1080,4.4,1.6,6.4,39,349,42,3.71,181,31,80,5.5,7.7,0,57.1095890069245,125.422791416479,12.7,83.6,1.48272849906352,66.7,23.1,-10.3,0.1,22.9,1.8,13.8,2,"Africa",202,"Sub-Saharan Africa","MWI","Developing"
"127","Malaysia",31.9,330.3,96,358,11200,916.2,28680,4.3,3,5.8,20.7,29,9,0.34,92,24,99,2.3,7.3,3.2,93.3,88.6,100,5.2,1.3,11.5021456683385,15.8,7.3,8.1,9,2.1,80.1,142,"Asia",35,"South-eastern Asia","MYS","Developing"
"128","Maldives",0.5,0.3,1719,5.1,9650,9.5,17880,5.2,2.2,8.3,25.8429821194549,53,8,0.0261339142489012,33,1,93,2.5,4.2,1.6,93.8162961042921,70.2227230247344,99.8,1,0.386241193548236,32.1,8,18.2299933895158,3,0.1,0.7,63.2,142,"Asia",34,"Southern Asia","MDV","Developing"
"129","Mali",19.7,1240.2,16,17.3,880,46.4,2360,5,1.9,8,26.9,562,94,-1.86548682234724,53,23,50,24.9,27.5,1.8,-7.3158310556739,18.7,43.1,61.5,0.3,56.3,38.5,-1.1,0.2,8.2,8.73815150124637,12.7,2,"Africa",202,"Sub-Saharan Africa","MLI","Developing"
"130","Malta",0.5,0.3,1514,13.7,27290,21,41690,4.4,0.6,8.5,15.5296867470702,6,7,0.403543994213632,14,6,104,0,0.1,1.6,100,93,100,5.4,0.7,33.3963062857977,13.8,29.6725339957418,5.4,6.4,0.9,81,150,"Europe",39,"Southern Europe","MLT","Developed"
"131","Marshall Islands",0.1,0.2,325,0.3,4860,0.3,5090,3.6,3,7.41875405957753,34.8,74.0389778868827,32,1.41493504131417,434,6,77,6.69720620030433,25.2225437901855,3.89502233802032,64.0823211003169,29.3833503481046,94.6,11.2,1.21588752472052,12.1267989581813,10.2,9.78054616197788,2.5,0.3,18.2238180748611,38.7,9,"Oceania",57,"Micronesia","MHL","Developing"
"132","Mauritania",4.5,1030.7,4,7.5,1660,24.2,5350,5.9,3.1,7.5,22.8,766,73,-1.62883105723082,93,25,76,6.4,14.1,-1.1,22.3082460386864,8.98036854613164,42.9,32.2,0,79.9,46.7,12.9,0.7,1.1,7.44486900555567,20.8,2,"Africa",202,"Sub-Saharan Africa","MRT","Developing"
"133","Mauritius",1.3,2,623,16.1,12740,33.4,26410,3.6,3.5,7.2,5.78599630449216,61,16,0.96,13,14,101,1.2,3.6,3.2,105.615640444981,93.1906125362235,97.4,11.5,0.4,31.1464244650725,14.3,3.9,3.3,0,1.7,55.4,2,"Africa",202,"Sub-Saharan Africa","MUS","Developing"
"134","Mexico",127.6,1964.4,65,1203.6,9430,2527,19810,-0.1,-1.2,5.4,10,33,14,-3.23214075781677,23,13,102,3.1,6.8,0.4,42.9,50.4,100,9.2,0.4,11.1,20.7,7.2,4,19.1,17,63.9,19,"Americas",419,"Latin America and the Caribbean","MEX","Developing"
"135","Micronesia, Fed. Sts.",0.1,0.7,161,0.4,3400,0.4,3640,0.2,-0.8,5.5,21.7556374496993,88,29,0.936096192946781,108,2,88,2.94560864940907,11.7778560883196,-1.16110560381234,60.6322931228001,35.7431408717243,80.1,1.2,1.73630815533292,29.173024557145,11.1,13.7732486655682,1.3,0,-1.88609699920887,35.3,NA,NA,NA,NA,NA,NA
"136","Middle East & North Africa",456.7,11370.6,40,3650.8,7994,7947.4,17402,1.8,0.1,3.39231406875539,14.3,57,22,0.08,31,18,91,3.3,15.1,1.4,77.8,34.7,97.7,1.6,0.9,22.2,55.8,11.8,6.3,5.7,3.4,56.9,NA,NA,NA,NA,NA,NA
"137","Moldova",2.7,33.9,94,10.6,3930,35.9,13280,3.5,5.3,10.2,6.4,19,14,0.45,86,10,89,2.2,6,6.2,72.9,76.8051661785284,100,14.3,0.3,63.5,16.4,7,1.7,4.2,4.6,76.1,NA,NA,NA,NA,NA,NA
"138","Monaco",0,0,19196,-1043.71421383519,76284.2576206151,-194.658818468276,125051.722430672,6.1,5.3,11.7454160137542,74.0542193672731,2120.81421940872,3,14.078391710681,0,0,91.7639013090386,11.6019474832276,23.8495656477181,10.7724583455393,100,100,100,5.07447912732017,0.559047423261452,120.444479625823,5.74264775737898,-50.5378796326717,12.2399074163175,99.5,0,97.1,150,"Europe",155,"Western Europe","MCO","Developed"
"139","Mongolia",3.2,1564.1,2,12.2,3780,36.7,11370,5.1,3.3,7.9,9.4,45,16,0.02,428,17,102,1.4,4.6,4.1,23.7,135.520429015092,93.8,3.4,0.2,42.7,38.2,-13.1,10.1,17.7,7.1,23.7,142,"Asia",30,"Eastern Asia","MNG","Developing"
"140","Montenegro",0.6,13.8,46,5.6,9010,14.4,23070,3.6,3.6,5.2,9.4,6,2,0.1,15,11,94,1.7,3.8,2.1,93.6,54.7151558561365,100,43,0.4,27.1,20.9,35.4434047259076,3.4,4.2,2.7,71.3,150,"Europe",39,"Southern Europe","MNE","Developed"
"141","Morocco",36.5,446.6,81,118.1,3190,284.4,7680,2.3,1,6.7,15.1,70,21,0.04,99,20,94,11.6,44.8,2.3,70.3,38.8,100,11.3,1.09825309499625,13.1,32.9,21,1.8,18.4,1.2,61.8,2,"Africa",15,"Northern Africa","MAR","Developing"
"142","Mozambique",30.4,786.4,38,14.5,480,39.5,1300,2.2,-0.7,4.2,42.3,289,74,8.94,551,30,52,13.5,28.1,0.4,61.121673275411,12.7960444923665,29.3,86.4,0.3,80.3,21.5,5,0.3,13.4,34.529232922164,20.8,2,"Africa",202,"Sub-Saharan Africa","MOZ","Developing"
"143","Myanmar",54,676.6,82,75.2,1390,278.8,5160,2.9,2.2,8.9,29.4,250,45,0.31,338,20,95,16.3,35.7,7,26.44282197014,17.0325915020696,69.8,61.5,0,41,36,20.2,0.3,4.6,2.2,23.6,142,"Asia",35,"South-eastern Asia","MMR","Developing"
"144","Namibia",2.5,824.3,3,12.6,5060,24.3,9750,-1.1,-3,2.8,22.7,195,42,5.34,524,30,94,3.7,5.4,-1.3,72.9780952307101,5.06290864282878,52.5,26.5,0.3,39.4,25.6,1.4,1.6,23.2,17.7,36.8,2,"Africa",202,"Sub-Saharan Africa","NAM","Developing"
"145","Nepal",28.6,147.2,196,31.1,1090,103,3600,7,5,8.3,36,186,31,0.05,151,16,120,18,59.5,2,27.2,11.9856690374881,92.4,85.3,0.184571983865236,54.3,98.1,35.8,0.3,23.6,2.3,21.4,142,"Asia",34,"Southern Asia","NPL","Developing"
"146","Netherlands",17.3,41.5,511,922.1,53200,1038.1,59890,1.8,1.2,8.8,-7.3483215132455,5,4,0.04,5,4,80.0777263420896,0.2,0.6,0.8,100,97.5,100,5.9,2,11.9805351522527,12,18.8,10,21.2,0.6,93.2,150,"Europe",155,"Western Europe","NLD","Developed"
"147","New Caledonia",0.3,18.6,16,-1230.83601797863,31987.003681382,-1823.64064010697,49900.4550354496,1.92345619677066,1.07400465597238,8.03050601405671,5.75815462153324,4.67659334625145,-3.70815861589173,3.91898170354073,15,8.54101431045455,116.621063316401,0.2,0.3,-0.779422530145541,96.7,98.49016591763,100,4.8,2.61472772695582,-10.0856821749077,36.1215996455976,-14.2748370308016,18.2,96,11.6114585762794,82,9,"Oceania",54,"Melanesia","NCL","Developing"
"148","New Zealand",4.9,267.7,18,209.8,42670,210,42710,2.2,0.6,9.28836402509461,3.42147814133916,9,5,0.06,7,8,100.99178752296,0.7,1,0.4,100,88.7,100,30.8,1.2,22.2490035594704,6,12.1,7.7,30.5,1,90.8,9,"Oceania",53,"Australia and New Zealand","NZL","Developed"
"149","Nicaragua",6.5,130.4,54,12.5,1910,35.9,5490,-3.9,-5.1,5.1,17.3,98,17,0.1,41,15,57.6441655763195,9.6,9.1,0,51.6,85.947917922664,86.8,48.2,0.1,45.5,17.7,15.5,0.8,15.5,8.4,27.9,19,"Americas",419,"Latin America and the Caribbean","NIC","Developing"
"150","Niger",23.3,1267,18,13.1,560,29.2,1250,5.8,1.9,7.8,48.5,509,80,0.09,87,26,62,25.9,44.5,1.9,-6.64787877438749,9.6,18.2,78.9,0.8078671123904,70.1,87.7,4.9,0.1,17.3,4.4,10.2,2,"Africa",202,"Sub-Saharan Africa","NER","Developing"
"151","Nigeria",201,923.8,215,407.9,2030,1039.6,5170,2.2,-0.4,7.1,36.8,917,117,0.78,219,21,69.1465152536564,8.1,20.6,-0.5,20.1,26.7,54.4,86.6,0.19473688820901,50.2,71.4,-0.1,0.7,11.6,34.5,7.5,2,"Africa",202,"Sub-Saharan Africa","NGA","Developing"
"152","North America",365.9,19820.5,20,23335.8,63778,23541.2,64339,2.3,1.7,-2.20606987071437,2.6,18,6,0.22,3,12,100,0.1,0.1,0.7,99,79.8,100,10.2,2.6,45.0626142545826,7.3,6,16.3,16.3,4.6,87.8,NA,NA,NA,NA,NA,NA
"153","North Macedonia",2.1,25.7,83,12.3,5910,35.6,17110,3.6,3.5,5.6,4.9,7,6,-0.433409519689701,13,6,93,3.5,10,-0.1,81,16.6,100,24.2,0.4,8.3,29.6,14.5,3.6,9.7,1.2,74.5,150,"Europe",39,"Southern Europe","MKD","Developed"
"154","Northern Mariana Islands",0.1,0.5,124,-5804.92066755699,9152.11417920663,-7236.04678884352,27293.1330648241,-19.6,-20.1,9.07575003071157,4.30146573415117,-15.20116792353,10.3371286286507,4.65714723250546,95,21.2205063368156,97.8945524877318,-14.0675577333535,-38.6222713367526,-10.5267796452898,90.2,58.7809807224465,100,0,0.0941715493564301,7.35809897137361,9.9,-45.4361355451146,15.2868683773581,33.2,6.82164718521893,88.9464314591756,9,"Oceania",57,"Micronesia","MNP","Developing"
"155","Norway",5.3,625.2,15,441.2,82500,372.3,69610,1.2,0.5,8.9,-20.0723240933722,2,2,0.153347566925632,4,3,99,0.1,0.2,0.9,98.3,76.3,100,57.8,1.9,0,7,17.5,9.3,5.1,0.5,96.4,150,"Europe",154,"Northern Europe","NOR","Developed"
"156","Oman",5,309.5,16,76.3,15330,142.2,28590,0.5,-2.4,7.54946384145601,11.4,19,11,0.07,6,16,100,0.2,0.2,-2.6,90.3,90.1894678363012,100,0,0.2,10.3197791737895,41.8,-15.5,15.2,1,0.4,80.2,142,"Asia",145,"Western Asia","OMN","Developing"
"157","Pakistan",216.6,796.1,275,331.6,1530,1129.1,5210,1,-1,8.9,37.6,140,67,0.2,265,14,71,12,51.4,3.6,35.3,63.5819041133688,70.8,46.5,0.2,45.5,58.6,5,0.9,9.8,4.8,17.1,142,"Asia",34,"Southern Asia","PAK","Developing"
"158","Palau",0,0.5,39,0.3,17280,0.3,19500,1.7,1.1,8.68749143667382,3.99239127391617,127.263461969727,17,3.30705950752066,109,5,77.9666347681768,16.3459172235362,24.1089700125341,2.96106067544885,56.337063543219,-2.91475579155122,100,0,1.13346533370426,2.8574885305209,21.8071136635411,-13.8562339908811,12.7,82.9,17,42.8858350560374,9,"Oceania",57,"Micronesia","PLW","Developing"
"159","Panama",4.2,75.4,56,63.5,14950,130,30600,3,1.3,3.6,9.88816585302037,52,15,-0.254243479891191,52,14,90,3.4,6.6,2,79.1904962275497,39.3502939390281,100,21.2,0.1,25.8,11.5,28.8,2.8,5.2,11.9,60,19,"Americas",419,"Latin America and the Caribbean","PAN","Developing"
"160","Papua New Guinea",8.8,462.8,19,24.4,2780,39.2,4470,5.6,3.6,5.1,42.9693270023275,145,45,0.61,432,14,77,22.7,49.4,-0.3,29.2843621345317,38.8116664279603,54.4,52.5,0,54.0648606899362,12.6,18.3352803874971,0.7,0.7,13.8261759720182,11.2,9,"Oceania",54,"Melanesia","PNG","Developing"
"161","Paraguay",7,406.8,18,38.8,5510,89.7,12730,0,-1.3,4.7,5.6,129,19,0.28,43,23,104.20272535173,5.1,11.2,1.2,63.9,58.5,99.3,61.7,0.1,17.6,11.6,9.1,0.9,14.3,9.2,61.1,19,"Americas",419,"Latin America and the Caribbean","PRY","Developing"
"162","Peru",32.5,1285.2,25,219.2,6740,414.7,12760,2.2,0.5,4.9,12.2,88,13,0.18,123,14,96,6.9,21.5,0.2,50.4,42.8,94.8,25.5,0.1,34.2,25.5,7.1,1.7,13.1,7.4,50.5,19,"Americas",419,"Latin America and the Caribbean","PER","Developing"
"163","Philippines",108.1,300,358,415.8,3850,1102.8,10200,6,4.6,5.7,30.3,121,27,0.27,554,12,115,4.1,8.9,5.7,46.7,51.6,93,27.5,0.2,38.3,18.2,23.3,1,3.1,9.4,60.1,142,"Asia",35,"South-eastern Asia","PHL","Developing"
"164","Poland",38,312.7,124,577.3,15200,1242.1,32710,4.1,4.2,8.3,2.6,2,4,-1.15120081577442,16,10,94,1.6,3.4,2.9,99.2,93.3,100,11.9,1,0,21,10.8,7.5,38.1,0.8,76,150,"Europe",151,"Eastern Europe","POL","Developed"
"165","Portugal",10.3,92.2,112,237,23080,365.6,35600,2.2,2.3,7.4,2.00857678211533,8,4,0.0022338972846625,24,7,100,0.4,0.4,0.3,95.3,84.7,100,27.2,1.2,3.6,8.1,4.7,4.3,16.9,1,73.8,150,"Europe",39,"Southern Europe","PRT","Developed"
"166","Puerto Rico",3.2,8.9,360,70.2,21970,77.4,24240,1.2,1.2,5.16058401471069,-4.87042564659966,21,3.99869040423702,0.55243424745325,1,8.19786591430494,70,0.1,0.3,-1.3,94.1,32.5,100,1.8,0.4,16.2156046701516,8.3,-3.35046298910989,3.0837063854309,2,18.2,68.7,19,"Americas",419,"Latin America and the Caribbean","PRI","Developing"
"167","Qatar",2.8,11.6,240,179.6,63410,266.7,94170,-0.2,-2,9.37802112707934,5.61493218488259,9,7,1.01166886824714,31,9,96,0,0,-0.5,96.2,96,100,0,0.5,19.6747557510298,88.2,26.9,43.5,4.7,0.4,97.4,142,"Asia",145,"Western Asia","QAT","Developing"
"168","Romania",19.4,238.4,85,244.5,12630,616.6,31860,4.1,4.7,5.3,5.00448327811045,19,7,0.08,68,10,85,4.5,12.4,4.6,81.9,76.5,100,23.7,0.5,14.4,14.5,2.8,3.5,24.3,1.7,63.7,150,"Europe",151,"Eastern Europe","ROU","Developed"
"169","Russian Federation",144.4,17098.3,9,1651.6,11260,4147.4,28270,1.3,1.4,7.1,2.4260189938753,17,6,-1.95957586938477,54,18,102,0.4,0.4,1.8,76,61.3,100,3.3,1.1,14.2485663739996,16.2,7.7,12.1,7.6,11.5,76,150,"Europe",151,"Eastern Europe","RUS","Developed"
"170","Rwanda",12.6,26.3,499,10.4,820,28.3,2240,9.4,6.6,6,36.9,248,34,0.76,59,30,87,13.9,42.8,3.1,48.6735896280772,109.478462106859,34.1,86.7,0.7,53.2,42.8,-3.3,0.1,9.1,2.6,21.8,2,"Africa",202,"Sub-Saharan Africa","RWA","Developing"
"171","Samoa",0.2,2.8,69,0.8,4180,1.3,6490,3.5,3,6.8,4.9,43,15,-1.91575852139412,6,11,105,4.6,5.3,1.8,58.8,48.5,96.8,34.3,-0.703970974399288,38.9193697951572,11.4,5.11491700790246,1.1,0.2,3.1,33.6,9,"Oceania",61,"Polynesia","WSM","Developing"
"172","San Marino",0,0.1,563,-82.59018662684,27985.5333577334,224.088902603336,38988.2074639588,1.2,0.8,4.98841379495185,14.2425314776721,-7.54648409323946,2,1.32905324550391,0,0,107,-3.80179884960442,-9.69418352074054,-2.42890468545503,100,77.2,100,24.3304032555241,1.08612807594426,4.79425942729072,22.3992766240609,-13.8120065828956,8.14996546408221,50.8546471639373,22.9089144957188,60.2,150,"Europe",39,"Southern Europe","SMR","Developed"
"173","Sao Tome and Principe",0.2,1,220,0.4,1960,0.9,4090,2.4,0.5,3.9,17.2,130,30,2.27377343530298,124,28,84,3,7.3,1.4,50.2278800288094,15.8826519459409,69.7,41.1,-0.865135516684972,86.6,28.7,15.5432967963072,0.6,0.2,36.5441730113276,29.9,2,"Africa",202,"Sub-Saharan Africa","STP","Developing"
"174","Saudi Arabia",34.3,2149.7,16,782.9,22850,1692.9,49400,0.3,-1.3,6.2959356479821,2.73397203470899,17,7,1.19792902769235,10,29,97,0,0,-0.8,101.584539701239,77.8,99.9,0,0.8,18,84.5,15.1,19.4,4.5,1.5,94.2,142,"Asia",145,"Western Asia","SAU","Developing"
"175","Senegal",16.3,196.7,82,23.6,1450,56.1,3440,5.3,2.4,6.1,18.8,315,45,0.14,118,23,61,19.8,27.1,3.4,20.8491733779114,21.5,61.7,42.7,0.6,38.8,38.7,12.3,0.7,14.6,0.3,29.6,2,"Africa",202,"Sub-Saharan Africa","SEN","Developing"
"176","Serbia",6.9,88.4,80,48.8,7020,124.8,17960,4.2,4.8,5.2,6,12,5,0.05,17,7,99,2.9,8.9,-0.3,74.7,24.7,100,21.2,0.8,3.6,24.8,-0.7,5.2,6.6,1.2,70.3,150,"Europe",39,"Southern Europe","SRB","Developed"
"177","Seychelles",0.1,0.5,210,1.6,16870,2.9,29300,4.7,3.8,5.4,7.9,53,14,-0.36596943974001,18,16,102,-2.79941409686023,-10.7821075518125,1.34182375420401,94.4434364500409,86.6094668070753,100,1.4,0.2,34.1746501664205,20.4,-3.87452046067159,5.3,0.1,7.4,58.8,2,"Africa",202,"Sub-Saharan Africa","SYC","Developing"
"178","Sierra Leone",7.8,72.3,106,3.9,500,13,1670,5.5,3.3,7.9,29.5,1120,109,0.92,298,27,82,6.4,6.3,1.9,9.9,13.3,23.4,77.7,0.00379743401643873,75.6,21.3,-12.9,0.2,3.3,1.7,13.2,2,"Africa",202,"Sub-Saharan Africa","SLE","Developing"
"179","Singapore",5.7,0.7,7953,339.9,59590,524.8,92020,0.7,-0.4,4.45990302720519,62.7684339960518,8,3,0.04,47,3,100,0.3,0.5,3.3,100,100,100,0.7,2.2,23.5598950544729,18.8,36.2,10.4,2.5,0.3,84.5,142,"Asia",35,"South-eastern Asia","SGP","Developing"
"180","Sint Maarten (Dutch part)",0,0,1193,825.591327332071,22422.09536307,1.3,31340,-8.4,-9.8,7.69736688261795,21.9373277304,8.95077770329149,14.3049793651812,3.12104665904957,19,8.9324099052849,83.7471859782069,1.88474377383369,-5.39438826178661,-3.99263350253368,79.3123691999435,12.3714931916683,100,0,1.10584521631963,22.6992049514735,19.8408815429153,16.4783086359844,19.5,8.1,18.3898362599966,75.1700616253603,19,"Americas",419,"Latin America and the Caribbean","SXM","Developing"
"181","Slovak Republic",5.5,49,113,105.3,19320,183.7,33680,2.4,2.3,8.7,-1.1012745846427,5,6,0.807165893980415,6,6,92,0.1,0.1,1,99.8,82.5,100,13.4,1.2,12.5328557893212,17.4,4.5,5.7,37.6,0.8,81.6,NA,NA,NA,NA,NA,NA
"182","Slovenia",2.1,20.7,103,53.8,25750,83.7,40070,2.4,1.8,10,6.50022015004402,7,2,1.63577139674726,5,6,97,2.1,3.4,1.7,98.1,83,100,20.9,2.2,3.7,15.9,10.8,6.1,55.1,1,78.9,150,"Europe",39,"Southern Europe","SVN","Developed"
"183","Solomon Islands",0.7,28.9,23,1.4,2050,1.6,2350,2.7,0.1,7,31.7,104,20,-0.531543430366042,74,17,87,43.5,65.3,0.8,-15.2575002651681,-30.6439470033381,62.9,63.3,-0.00878409869638763,38.3675645594991,11.8,31.3786048527515,0.3,0.2,10.8615540814908,11.9,9,"Oceania",54,"Melanesia","SLB","Developing"
"184","Somalia",15.4,637.7,24,499.640824790696,-7886.69736314313,186.406488207563,-17096.6028094087,9.45679289410898,5.01643083098618,8.89524144088823,41.7686554964072,829,117,0.04,262,27,58.0659942497241,35,51.5,4.24030243334507,-26.0933518808454,-54.313840968996,33.4,94.3,-0.339777441754545,73.6,31.8,29.4545995111704,0,0.8,28.4227675132461,2,2,"Africa",202,"Sub-Saharan Africa","SOM","Developing"
"185","South Africa",58.6,1219.1,48,353.5,6040,739.7,12630,0.2,-1.2,2.4,27.4,119,35,6.9,520,26,90,0.3,0.8,-0.2,94.6626013911807,12.2450012861745,84.4,17.2,0.8,23,25.1,1,8.9,10.3,33.8,56.2,2,"Africa",202,"Sub-Saharan Africa","ZAF","Developing"
"186","South Asia",1835.8,5135.3,380,3705.7,2019,11979.8,6526,4.8,3.6,17.0827769572787,33.2,163,40,4.02197322532598,206,21,90,8.2,34.3,5.3,42.100583470794,41.002246710527,89.8,38.3,0.6,30.5,82,18.4,1.5,5,3.6,29.5,NA,NA,NA,NA,NA,NA
"187","South Sudan",11.1,3601.24490125041,4892.68011631075,3236.56727990993,1257.11503709364,4486.39876132342,5164.6108775992,4.26105514777214,1.39369347937843,3.9,66.7753849428502,1150,96,2.53,146,30,50.7733500808693,20.9,58.4,1.60664011532099,13.4297476828771,54.5246907551239,25.1,39.1,1.62306091522632,95.6,44.8,-9.2,0.1,15.5,13.9,8,2,"Africa",202,"Sub-Saharan Africa","SSD","Developing"
"188","Spain",47.1,505.9,94,1430.8,30390,1991.3,42300,2,1.4,6.2,-4.97770064941785,4,3,0.12,9,4,99,0.3,0.4,0,98.4,96.6,100,16.3,1.2,7.8,9.7,10,5,15,0.6,84.6,150,"Europe",39,"Southern Europe","ESP","Developed"
"189","Sri Lanka",21.8,65.6,346,87.7,4020,288.4,13230,2.3,1.7,7,17.3,36,7,0.01,64,15,102,2.7,18.1,2.6,72.1384524723773,73.3022814247403,97.5,52.9,0.1,39.8281572494695,14,23.4,0.9,3.4,2.3,34.1,142,"Asia",34,"Southern Asia","LKA","Developing"
"190","St. Kitts and Nevis",0.1,0.3,202,1,19030,1.4,25920,2.5,1.8,3.94258278739939,8.752717544243,116.882000763933,15,1.53834439388491,0,22.561179346029,98,0.802375866343034,-4.09331143597578,4.46288817652992,65.9968324322233,32.705661711215,100,1.6,1.65282839363265,30.3961650167594,-9.20368770417898,19.4879976105466,4.5,0.3,36.1,80.7,NA,NA,NA,NA,NA,NA
"191","St. Lucia",0.2,0.6,298,2,11020,2.8,15140,1.7,1.2,3.1,2.5,117,22,1.28964258484414,3,35,95,0.6,1.7,0.7,95.3270480122996,71.225224640737,98.8,2.1,1.0731761573857,11.9,22.4,-17.3263849379437,2.3,0.9,15.6,50.8,NA,NA,NA,NA,NA,NA
"192","St. Martin (French part)",0,0.1,672,-225.428482426808,11197.0757369953,168.491398120163,22644.5753293143,2.89152542830008,1.8989658708727,3.63258640721901,9.15252378135433,205.233093399789,15.0755985219603,1.50108801532015,152.959277463957,13.7020015337406,105.194446102264,8.27915275077869,12.1512315515191,0.508315219091608,56.8302370176584,38.2167160158819,100,68.9461703899995,0.283164924644867,2.3427595716519,39.570334574633,-8.87727988546047,-0.97231496814051,92,16.7,35.3022469314296,NA,NA,NA,NA,NA,NA
"193","St. Vincent and the Grenadines",0.1,0.4,283,0.8,7460,1.4,12880,0.3,0,6.82898754580637,23.8048835709521,68,15,-0.989581658890167,6,8,106,1.2,1.8,0.6,55.3772426906677,28.461021053392,100,5.8,0.527346969070805,27.1420291327993,22.1,2.22955664881712,2,0.5,36.5,20.7,NA,NA,NA,NA,NA,NA
"194","Sub-Saharan Africa",1107,21754.5,51,1716,1550,4202.1,3796,2.3,-0.4,12.196250474964,33,534,76,1.62,231,27,69,13.6,30.3,-0.3,27.3,18.7,44.7,70.1,-0.221016228944262,55.3,44.4,-1.1,0.9,15.7,9.4,18.7,NA,NA,NA,NA,NA,NA
"195","Sudan",42.8,1103.95242574214,1113.82317933256,25.5,590,170.7,3990,-2.6,-4.9,7.8,38.2,295,58,0.13,71,26,62,8.9,39.1,-0.9,20.1101453823419,43.3446822230127,56.5,61.6,-0.497079638861618,91.6,54.1,5.4,0.3,2.8,29.1299596186016,30.9,2,"Africa",15,"Northern Africa","SDN","Developing"
"196","Suriname",0.6,163.8,4,3.2,5540,8.8,15200,-0.8,-1.7,6.10521868029171,9.5203702569183,120,18,0.75,38,15,85,1,2.2,-1.6,92.533859432822,62.58713135712,96.8,24.9,0.0736669902083776,7.3,25.3,-17.8561929635135,4.1,8.5,6.1,48.9,19,"Americas",419,"Latin America and the Caribbean","SUR","Developing"
"197","Sweden",10.3,447.4,25,574.3,55840,589.3,57300,1.2,0.1,8.3,5.40611235953904,4,3,2.61842243443988,6,3,104,0.2,0.2,0.4,99.9,93.4,100,53.2,3.3,0,6.1,18.1,4.5,15,1.1,93,150,"Europe",154,"Northern Europe","SWE","Developed"
"198","Switzerland",8.6,41.3,215,733.1,85500,620.7,72390,0.9,0.2,7.7,-5.30960085198305,5,4,0.05,6,3,96,1.5,2.5,1.1,95.5,99.5,100,25.3,3.4,2.6210122053601,10.3,16.8,4.4,9.7,0.7,89.7,150,"Europe",155,"Western Europe","CHE","Developed"
"199","Syrian Arab Republic",17.1,185.2,92,-2289.04645811683,-12467.9494861258,-2833.02754233571,-2321.54198757568,-0.313036693480624,-2.32160284043804,9.05391647173138,8.46029855841804,31,22,0.01,19,27,93.3572366487079,2.1,7.1,0.395283491088584,75.0393991062657,62.8780378208307,89.7,0.5,0,19.3,43.7,-5.15335774293567,1.6,0.7,0.9,34.3,142,"Asia",145,"Western Asia","SYR","Developing"
"200","Tajikistan",9.3,141.4,66,9.6,1030,38.2,4100,7,4.5,7.4,17.5,17,34,0.25,84,18,95,21.7,29,5.1,47.9,33.972778482913,99.3,44.7,0.1,26,43.4,14.4,0.6,22.3,8.60761486413854,22,142,"Asia",143,"Central Asia","TJK","Developing"
"201","Tanzania",58,947.3,64,60.8,1080,152,2700,5.8,2.7,6.9,31.8,524,50,2.57,253,29,69,19.8,47.6,2.9,27.992531072311,25.4,32.7,85.7,0.5,50.7,28.4,16.7,0.2,31,7.3,16,NA,NA,NA,NA,NA,NA
"202","Thailand",69.6,513.1,136,505.2,7260,1289.4,18520,2.4,2.1,7.2,10.5,37,9,0.15,153,33,93,11.9,22.9,3.9,65.2299701931659,60.3339089941118,99.9,22.9,0.6,25,26.3,16,4.1,12.5,3.5,52.9,142,"Asia",35,"South-eastern Asia","THA","Developing"
"203","Timor-Leste",1.3,14.9,85,2.4,1890,6.1,4730,3.4,1.4,9.4,51.7,142,44,0.26,498,13,104,17.2,34.6,-3.6,27.9112954871769,48.8997811659034,80,18.2,0.96417766796511,34,20,-22.1,0.4,4.4,4.1,27.5,142,"Asia",35,"South-eastern Asia","TLS","Developing"
"204","Togo",8.1,56.8,145,5.6,690,13.5,1670,5.3,2.8,5,23.8,396,67,0.9,36,29,90,25.5,28,2.1,1.99214472995848,19.9992500634654,48,71.3,0.3,51.2,37.1,-4,0.4,21.8,32.4448885963828,12.4,2,"Africa",202,"Sub-Saharan Africa","TGO","Developing"
"205","Tonga",0.1,0.8,143,0.4,4300,0.7,6510,0.3,-0.9,6.8,8.1,52,17,0.6848903190467,10,17,88.7069140920567,15.8,17.5,0.9,67.593650631075,23.5157111759708,98,1.9,0.55436829655248,16.0012472311392,11,1.16145316588223,1.1,1.5,1,41.2,9,"Oceania",61,"Polynesia","TON","Developing"
"206","Trinidad and Tobago",1.4,5.1,271,23.6,16890,37.6,26950,0,-0.4,5.71714027447141,9.2,67,18,0.12,21,12,83.8967931203753,0.2,0.8,-2.7,72.3105250673902,48.9586343780665,100,0.3,0.1,24.7,24.2,22.3545754659023,34,2,30.6,77.3,19,"Americas",419,"Latin America and the Caribbean","TTO","Developing"
"207","Tunisia",11.7,163.6,74,39.3,3360,126.2,10800,1,-0.1,7.8,8.4,43,17,0.09,35,23,95,2.4,5.2,1.4,92.7,78.1,100,12.6,0.6,8,38.5,-7.1,2.6,5.2,3.1,55.5,2,"Africa",15,"Northern Africa","TUN","Developing"
"208","Turkey",83.4,785.4,107,801.4,9610,2287,27410,0.9,-0.5,5.8,6,17,10,2.88809250706401,16,12,89,4.4,23.5,1.4,103.367490762125,65.2,100,13.4,0.9,11.9,44.5,11.9,4.5,0.2,2.8,64.7,142,"Asia",145,"Western Asia","TUR","Developing"
"209","Turkmenistan",5.9,488.1,12,39.4,6740,85.2,14560,6.2,4.5,7.07340453033626,11.5,7,42,-1.91354983522128,46,15,81.9508949034633,2.7,5.6,4.6,93.9,99.914369864347,100,0,-0.1024121902746,11.3534245242538,21.7,4.49139438203762,12.5,3.2,15.8028704504986,21.3,142,"Asia",143,"Central Asia","TKM","Developing"
"210","Turks and Caicos Islands",0,1,40,1,26740,1,26210,5.3,3.7,8.46297983741424,5.80439205210736,3.10964766056685,-11.1268872205152,-0.0570876812019663,6,9.78653569927983,129,2.00734006626214,5.90883617303067,3.18522626997233,77.1503924601769,61.2465357839486,100,0.6,0.827424066837008,20.108207633075,13.3791530843675,0.252559524504834,5.6,0.4,5.7,59.7241717879037,19,"Americas",419,"Latin America and the Caribbean","TCA","Developing"
"211","Tuvalu",0,0,384,0.1,5620,0.1,6170,9.8,8.5,6.6,35.3046059978449,30.353144384582,24,1.73084216225872,270,6.09255355007264,79,14.0645510565652,35.8644214734511,2.5237318166746,76.9329458354617,6.3,99.9,0,1.40668742743925,41.5415763619179,28.8467418431674,38.5066556842333,1,0,18.6,49.3,9,"Oceania",61,"Polynesia","TUV","Developing"
"212","Uganda",44.3,241.6,213,34.4,780,97.9,2210,6.5,2.8,6.1,28.9,375,46,2.61,200,29,53,12.3,18.9,0.7,7.1,-26.8781092638352,31.8,89.1,0.2,53.6,51.9,-7.2,0.1,16.1,11.3,23.7,2,"Africa",202,"Sub-Saharan Africa","UGA","Developing"
"213","Ukraine",44.4,603.6,77,141.6,3370,578,13750,3.2,3.8,9.9,0.05661325001142,19,8,0.56,80,14,95.4282220239431,0.2,0.3,3.4,92,68.5,100,4.1,0.6,19,20.6,3.9,5,3.9,6.2,58.9,150,"Europe",151,"Eastern Europe","UKR","Developed"
"214","United Arab Emirates",9.8,83.6,136,424.8,43470,686.3,70240,1.7,0.2,6.2,-2.3404275158561,3,8,-0.783109454604511,1,18,104,0.2,1.6,1.5,96.7280396510805,96.3,100,0.1,0.9,-6.36400237203805,40.5,19.1150091445729,24.5,15,0.6,94.8,142,"Asia",145,"Western Asia","ARE","Developing"
"215","United Kingdom",66.8,243.6,275,2831.8,42370,3210.9,48040,1.4,0.8,7.1,-3.81825920478964,7,4,0.307466323434456,8,3,101,0.3,0.4,0.4,100,97.8,100,8.7,1.7,7.93409356270296,10.5,4.1,6.5,28.8,1,90.4,NA,NA,NA,NA,NA,NA
"216","United States",328.2,9831.5,36,21584.4,65760,21625,65880,2.3,1.8,5.2,3.5,19,7,0.22,3,12,100,0,0.1,0.7,99,90,100,8.7,2.7,45.14679725312,7.4,5.9,16.4,26.3,4.9,87.3,NA,NA,NA,NA,NA,NA
"217","Upper middle income",2855.9,59108,49,25914,9074,49211.5,17232,3.8,3.2,-6.06195672303148,6,57,13,-1.21387829057971,66,18,96,5.9,16.9,3.9,54.184118743053,59.6,99.2,14.4,1.5,23.3,36.9,13.7,6.2,12.9,6.7,56.4,NA,NA,NA,NA,NA,NA
"218","Uruguay",3.5,176.2,20,56.2,16230,73.1,21120,0.2,-0.1,5.9,10.7,17,7,0.248818142392601,33,13,103,0.4,1.2,2.2,70.0015410193586,61.5037805068791,100,58,0.4,25.9510621928037,9.2,6.7,2,2.3,8.6,70.3,19,"Americas",419,"Latin America and the Caribbean","URY","Developing"
"219","Uzbekistan",33.6,447.4,77,60.4,1800,248.5,7400,5.6,3.6,7.88368526261517,10.8,29,17,0.18,70,12,103,6,12.7,3.6,58.9,30.0715474472978,100,3,0.2,52.2,27.8,27.9,3.4,3.4,1.6,48.7,142,"Asia",143,"Central Asia","UZB","Developing"
"220","Vanuatu",0.3,12.2,24,1,3170,1,3310,2.9,0.4,6.7,28.9,72,26,0.665397171807944,46,16,88.7930651846722,8.3,9.4,0.8,44.1,48.2343230613224,62.8,36.1,1.12342721772408,53.2359106161383,11.6,25.3,0.6,0.1,22.6570983334954,25.7,9,"Oceania",54,"Melanesia","VUT","Developing"
"221","Venezuela, RB",28.5,912.1,33,-981.77548231951,-4757.25726576016,-180.875135280053,-363.629937688587,-0.863433964808612,-0.684948296177521,4.65328370681391,2.6166053459806,125,24,0.33,48,34,93,1.2,2.4,1.98370161527066,50.8849584934795,23.8,99.2,12.8,0.3,32,16.8,7.4,6.2,36.9,52,64.3,NA,NA,NA,NA,NA,NA
"222","Vietnam",96.5,331.2,308,244.9,2540,747.2,7750,7,6,6.7,23.8,43,20,0.09,182,26,110,9.7,20.6,5.8,54.5942505104731,42.3923379975996,100,35,0.4,27.2,30.2,13.1,1.8,2.9,27.0796050031892,58.1,NA,NA,NA,NA,NA,NA
"223","Virgin Islands (U.S.)",0.1,0.4,306,-1117.7036847231,24612.8632334818,-831.642230160347,22171.8869984717,-1.7,-1.5,4.77820865399692,14.1528234608015,42.2199245418759,15.779518797457,1.39945697040927,102.465159261366,11.8408416202172,85.7055125678651,0.1,0.2,0.561720107128088,44.3975931053153,-19.0790834022776,100,3.9,1.23543182824395,45.1748499906125,10.3,11.315304147862,-1.04227893235725,1,49.3,64.4,NA,NA,NA,NA,NA,NA
"224","West Bank and Gaza",4.7,6,759,17,3710,30.8,6740,0.9,-1.6,7.3,7.4,27,19,0.527565323989755,1,21.6669151997455,97,3.5,8.8,1.6,74.0724775141108,61.2,99.7,10.5,0.5,22.650816804101,32.7,-4.55064312915322,0.7,8.14615245931143,1.2,65.2,NA,NA,NA,NA,NA,NA
"225","World",7673.5,132025.2,60,88781.5,11570,134984.3,17591,2.5,1.4,-13.1290561964201,21.3,211,38,0.37,132,18,89,6.6,18.1,2.3,70.6,45,88.8,18.1,2.1,29.6,45.2,10.7,0,14.5,5.9,49,NA,NA,NA,NA,NA,NA
"226","Yemen, Rep.",29.2,528,54,26.7,940,-438.823823394403,1541.84196506426,0.8,-1.6,7.3,46.4,164,58,0.07,48,22,72,10.7,40.1,0.38874070586853,60.2195186883033,66.740714262372,79.2,2.3,0.880695088773063,60.8,50.1,-11.6658353487147,1,0.6,6.8,26.7,NA,NA,NA,NA,NA,NA
"227","Zambia",17.9,752.6,23,25.9,1450,63.9,3580,1.7,-1.2,2.9,34.6,213,62,6.03,346,25,65.4290251580014,16.6,51.9,0.7,53.3366001162449,60.4541457571536,40.3,88,1.29851779595661,54,27.4,15.4,0.3,37.9,5.4,27.9,2,"Africa",202,"Sub-Saharan Africa","ZMB","Developing"
"228","Zimbabwe",14.6,390.8,37,20.4,1390,40,2730,-8.1,-9.4,6,23.5,458,55,4.87,210,35,66.6701828569865,7.6,11,1.7,44.7902195290776,32.2537067759208,40.5,81.8,1.13562498415372,25.1,21.7,-15.8,0.9,27.2,7.5,27.1,2,"Africa",202,"Sub-Saharan Africa","ZWE","Developing"
